-- =============================================
-- 測試資料：完整流程驗證
-- =============================================

-- ── 組織 ────────────────────────────────────

INSERT INTO organizations (id, name, tax_id, contact_name, contact_phone, contact_email, contact_line, source, org_type) VALUES
  ('a0000001-0000-0000-0000-000000000001', '光明科技有限公司', '90001234', '陳光明', '0912111222', 'chen@test.com', 'chen_line', 'BNI轉介', '客戶'),
  ('a0000001-0000-0000-0000-000000000002', '小花工作室', NULL, '李小花', '0933222333', 'flower@test.com', NULL, '自來客', '客戶'),
  ('a0000001-0000-0000-0000-000000000003', '大山貿易股份有限公司', '55667788', '張大山', '0955333444', 'mountain@test.com', 'mountain_line', '記帳師轉介', '客戶'),
  ('a0000001-0000-0000-0000-000000000004', '日出文創有限公司', '11223344', '劉日出', '0977444555', 'sunrise@test.com', NULL, 'LINE表單', '客戶'),
  ('a0000001-0000-0000-0000-000000000005', '星辰顧問有限公司', '99887766', '周星星', '0988555666', 'star@test.com', 'star_line', 'ESG', '客戶');

-- ── 空間客戶 ────────────────────────────────

-- 客戶 1: 借址登記，服務中
INSERT INTO space_clients (id, org_id, service_type, plan, monthly_fee, stage, next_action, follow_up_date, red_flags, notes) VALUES
  ('b0000001-0000-0000-0000-000000000001', 'a0000001-0000-0000-0000-000000000001', '借址登記', '一般方案', 2500, '服務中', NULL, NULL, '{}', '正常客戶');

-- 客戶 2: 共享工位，服務中
INSERT INTO space_clients (id, org_id, service_type, plan, monthly_fee, stage, follow_up_date, red_flags, assigned_seats) VALUES
  ('b0000001-0000-0000-0000-000000000002', 'a0000001-0000-0000-0000-000000000002', '共享工位', '月租方案', 5000, '服務中', NULL, '{}', 2);

-- 客戶 3: 借址登記，KYC審核中（超過 7 天）
INSERT INTO space_clients (id, org_id, service_type, plan, monthly_fee, stage, next_action, follow_up_date, red_flags, updated_at) VALUES
  ('b0000001-0000-0000-0000-000000000003', 'a0000001-0000-0000-0000-000000000003', '借址登記', '一般方案', 2500, 'KYC審核中', '等待補件', CURRENT_DATE, '{"業種可疑"}', NOW() - INTERVAL '10 days');

-- 客戶 4: 借址登記，初步詢問，14天無回應（測試流失判定）
INSERT INTO space_clients (id, org_id, service_type, plan, monthly_fee, stage, next_action, follow_up_date, red_flags, updated_at) VALUES
  ('b0000001-0000-0000-0000-000000000004', 'a0000001-0000-0000-0000-000000000004', '借址登記', '活動價', 1999, '初步詢問', '回電確認需求', CURRENT_DATE - 20, '{}', NOW() - INTERVAL '20 days');

-- 客戶 5: 借址登記，已簽約，高風險
INSERT INTO space_clients (id, org_id, service_type, plan, monthly_fee, stage, red_flags, is_high_risk_kyc, beneficial_owner_name, beneficial_owner_verified_at) VALUES
  ('b0000001-0000-0000-0000-000000000005', 'a0000001-0000-0000-0000-000000000005', '借址登記', '一般方案', 2500, '已簽約', '{"資料不齊"}', true, '周星星', NOW() - INTERVAL '400 days');

-- ── KYC（客戶 1: 全通過）────────────────────

INSERT INTO kyc_checks (space_client_id, check_type, status) VALUES
  ('b0000001-0000-0000-0000-000000000001', '商工登記', '通過'),
  ('b0000001-0000-0000-0000-000000000001', '司法院裁判書', '通過'),
  ('b0000001-0000-0000-0000-000000000001', '動產擔保', '通過'),
  ('b0000001-0000-0000-0000-000000000001', 'Google搜尋', '通過'),
  ('b0000001-0000-0000-0000-000000000001', '實質受益人審查', '通過');

-- ── KYC（客戶 3: 部分完成）──────────────────

INSERT INTO kyc_checks (space_client_id, check_type, status) VALUES
  ('b0000001-0000-0000-0000-000000000003', '商工登記', '通過'),
  ('b0000001-0000-0000-0000-000000000003', '司法院裁判書', '待查'),
  ('b0000001-0000-0000-0000-000000000003', '動產擔保', '異常'),
  ('b0000001-0000-0000-0000-000000000003', 'Google搜尋', '待查'),
  ('b0000001-0000-0000-0000-000000000003', '實質受益人審查', '待查');

-- ── KYC（客戶 5: 全通過）────────────────────

INSERT INTO kyc_checks (space_client_id, check_type, status) VALUES
  ('b0000001-0000-0000-0000-000000000005', '商工登記', '通過'),
  ('b0000001-0000-0000-0000-000000000005', '司法院裁判書', '通過'),
  ('b0000001-0000-0000-0000-000000000005', '動產擔保', '通過'),
  ('b0000001-0000-0000-0000-000000000005', 'Google搜尋', '通過'),
  ('b0000001-0000-0000-0000-000000000005', '實質受益人審查', '通過');

-- ── 文件檢核（客戶 1: 借址登記 7 項）───────

INSERT INTO client_documents (space_client_id, document_type, required, status) VALUES
  ('b0000001-0000-0000-0000-000000000001', '負責人雙證件影本', true, '已繳'),
  ('b0000001-0000-0000-0000-000000000001', '公司名稱預查核准函或設立/變更登記表影本', true, '已繳'),
  ('b0000001-0000-0000-0000-000000000001', '經濟部商工登記公示資料列印本', true, '已繳'),
  ('b0000001-0000-0000-0000-000000000001', '實質受益人聲明書/審查表', true, '已繳'),
  ('b0000001-0000-0000-0000-000000000001', '股東名冊', true, '已繳'),
  ('b0000001-0000-0000-0000-000000000001', '公司大小章', true, '已繳'),
  ('b0000001-0000-0000-0000-000000000001', '蓋印合約', true, '已繳');

-- ── 文件檢核（客戶 3: 借址，部分繳交）──────

INSERT INTO client_documents (space_client_id, document_type, required, status) VALUES
  ('b0000001-0000-0000-0000-000000000003', '負責人雙證件影本', true, '已繳'),
  ('b0000001-0000-0000-0000-000000000003', '公司名稱預查核准函或設立/變更登記表影本', true, '未繳'),
  ('b0000001-0000-0000-0000-000000000003', '經濟部商工登記公示資料列印本', true, '已繳'),
  ('b0000001-0000-0000-0000-000000000003', '實質受益人聲明書/審查表', true, '待補正'),
  ('b0000001-0000-0000-0000-000000000003', '股東名冊', true, '未繳'),
  ('b0000001-0000-0000-0000-000000000003', '公司大小章', true, '未繳'),
  ('b0000001-0000-0000-0000-000000000003', '蓋印合約', true, '未繳');

-- ── 文件檢核（客戶 2: 工位 2 項）───────────

INSERT INTO client_documents (space_client_id, document_type, required, status) VALUES
  ('b0000001-0000-0000-0000-000000000002', '承租方身分證或公司變更登記表', true, '已繳'),
  ('b0000001-0000-0000-0000-000000000002', '實際進駐人員名單', true, '已繳');

-- ── 合約（客戶 1）───────────────────────────

INSERT INTO contracts (id, space_client_id, contract_type, payment_cycle, start_date, end_date, monthly_rent, deposit_amount, deposit_status) VALUES
  ('c0000001-0000-0000-0000-000000000001', 'b0000001-0000-0000-0000-000000000001', '借址登記', '年繳', '2026-07-01', '2027-06-30', 2500, 5000, '已收');

-- ── 合約（客戶 2）───────────────────────────

INSERT INTO contracts (id, space_client_id, contract_type, payment_cycle, start_date, end_date, monthly_rent, deposit_amount, deposit_status) VALUES
  ('c0000001-0000-0000-0000-000000000002', 'b0000001-0000-0000-0000-000000000002', '共享工位', '月繳', '2026-07-01', '2027-06-30', 5000, 10000, '已收');

-- ── 收款（客戶 1: 年繳一筆）─────────────────

INSERT INTO payments (space_client_id, contract_id, due_date, amount, status, paid_at) VALUES
  ('b0000001-0000-0000-0000-000000000001', 'c0000001-0000-0000-0000-000000000001', '2026-07-01', 30000, '已收', '2026-06-28');

-- ── 收款（客戶 2: 月繳，含逾期）─────────────

INSERT INTO payments (space_client_id, contract_id, due_date, amount, status, paid_at) VALUES
  ('b0000001-0000-0000-0000-000000000002', 'c0000001-0000-0000-0000-000000000002', '2026-03-01', 5000, '已收', '2026-03-01'),
  ('b0000001-0000-0000-0000-000000000002', 'c0000001-0000-0000-0000-000000000002', '2026-04-01', 5000, '逾期', NULL);

INSERT INTO payments (space_client_id, contract_id, due_date, amount, status, escalation_level) VALUES
  ('b0000001-0000-0000-0000-000000000002', 'c0000001-0000-0000-0000-000000000002', '2026-04-01', 5000, '逾期', '提醒');

-- ── 信件（客戶 1: 含法院文書）───────────────

INSERT INTO mail_records (space_client_id, received_date, mail_type, tracking_number, sender, pickup_status, notified_at) VALUES
  ('b0000001-0000-0000-0000-000000000001', CURRENT_DATE - 2, '掛號', 'R123456789TW', '國稅局', '待領取', NOW()),
  ('b0000001-0000-0000-0000-000000000001', CURRENT_DATE, '法院文書', NULL, '臺北地方法院', '待領取', NOW()),
  ('b0000001-0000-0000-0000-000000000001', CURRENT_DATE - 10, '平信', NULL, '中華電信', '待領取', NOW());
